{
  "__comment": "Instructions: https://blakesmods.com/docs/cucumber/tags-config",
  "c:ingots/constantan": "immersiveengineering:ingot_constantan",
  "c:ingots/tin": "mekanism:ingot_tin",
  "c:gems/sapphire": "ftbmaterials:sapphire_gem",
  "c:ingots/bronze": "mekanism:ingot_bronze",
  "c:ingots/electrum": "immersiveengineering:ingot_electrum",
  "c:silicon": "enderio:silicon",
  "c:gems/apatite": "ftbmaterials:apatite_gem",
  "c:ingots/silver": "blocksyouneed_luna:silver_ingot",
  "c:dusts/saltpeter": "immersiveengineering:dust_saltpeter",
  "c:ingots/steel": "mekanism:ingot_steel",
  "c:ingots/platinum": "ftbmaterials:platinum_ingot",
  "c:ingots/lead": "mekanism:ingot_lead",
  "c:ingots/graphite": "ftbmaterials:graphite_ingot",
  "c:ingots/uranium": "mekanism:ingot_uranium",
  "c:ingots/aluminum": "blocksyouneed_luna:aluminum_ingot",
  "c:ingots/iridium": "ftbmaterials:iridium_ingot",
  "c:ingots/zinc": "ftbmaterials:zinc_ingot",
  "c:ingots/invar": "ftbmaterials:invar_ingot",
  "c:gems/ruby": "ftbmaterials:ruby_gem",
  "c:dusts/niter": "ftbmaterials:niter_dust",
  "c:ingots/brass": "blocksyouneed_luna:brass_ingot",
  "c:rubbers": "null",
  "c:dusts/sulfur": "mekanism:dust_sulfur",
  "c:gems/peridot": "null",
  "c:ingots/nickel": "immersiveengineering:ingot_nickel"
}