{
  "neoforge-21.1.185 (modloader)": {
    "jarName": "neoforge-21.1.185 (modloader)",
    "modId": "neoforge",
    "version": "neoforge-21.1.185"
  },
  "[neoforge]ctov-3.5.9a.jar": {
    "jarName": "[neoforge]ctov-3.5.9a.jar",
    "modId": "ctov",
    "version": "3.5.9a"
  },
  "additional_lights-neoforge-1.21-2.1.9.jar": {
    "jarName": "additional_lights-neoforge-1.21-2.1.9.jar",
    "modId": "additional_lights",
    "version": "2.1.9"
  },
  "additionalredstone-neoforge-1.21.1-1.2.3.jar": {
    "jarName": "additionalredstone-neoforge-1.21.1-1.2.3.jar",
    "modId": "additionalredstone",
    "version": "1.21.1-1.2.3"
  },
  "AdditionalStructures-1.21-(v.6.3.2-NEO).jar": {
    "jarName": "AdditionalStructures-1.21-(v.6.3.2-NEO).jar",
    "modId": "additionalstructures",
    "version": "6.3.2"
  },
  "addonslib-neoforge-1.21.1-1.6.1.jar": {
    "jarName": "addonslib-neoforge-1.21.1-1.6.1.jar",
    "modId": "addonslib",
    "version": "1.21.1-1.6.1"
  },
  "ae2ct-1.21.1-1.1.0.jar": {
    "jarName": "ae2ct-1.21.1-1.1.0.jar",
    "modId": "ae2ct",
    "version": "1.21.1-1.1.0"
  },
  "ae2jeiintegration-1.2.0.jar": {
    "jarName": "ae2jeiintegration-1.2.0.jar",
    "modId": "ae2jeiintegration",
    "version": "1.2.0"
  },
  "ae2qolrecipes-neoforge-1.21.x-1.3.0.jar": {
    "jarName": "ae2qolrecipes-neoforge-1.21.x-1.3.0.jar",
    "modId": "ae2qolrecipes",
    "version": "1.3.0"
  },
  "ae2wtlib-19.2.3.jar": {
    "jarName": "ae2wtlib-19.2.3.jar",
    "modId": "ae2wtlib",
    "version": "19.2.3"
  },
  "AetherVillages-1.21.1-1.0.8-neoforge.jar": {
    "jarName": "AetherVillages-1.21.1-1.0.8-neoforge.jar",
    "modId": "aether_villages",
    "version": "1.0.8"
  },
  "Apotheosis-1.21.1-8.3.6.jar": {
    "jarName": "Apotheosis-1.21.1-8.3.6.jar",
    "modId": "apotheosis",
    "version": "8.3.6"
  },
  "apothic_cataclysm-1.2.0.jar": {
    "jarName": "apothic_cataclysm-1.2.0.jar",
    "modId": "apothic_cataclysm",
    "version": "1.2.0"
  },
  "apothic_compats-0.1.7.jar": {
    "jarName": "apothic_compats-0.1.7.jar",
    "modId": "apothic_compats",
    "version": "0.1.7"
  },
  "apothic_equipment-1.0.0-neoforge-1.21.1.jar": {
    "jarName": "apothic_equipment-1.0.0-neoforge-1.21.1.jar",
    "modId": "apothic_equipment",
    "version": "1.0.0"
  },
  "apothic_materials-1.0.0-neoforge-1.21.1.jar": {
    "jarName": "apothic_materials-1.0.0-neoforge-1.21.1.jar",
    "modId": "apothic_materials",
    "version": "1.0.0"
  },
  "ApothicAttributes-1.21.1-2.8.1.jar": {
    "jarName": "ApothicAttributes-1.21.1-2.8.1.jar",
    "modId": "apothic_attributes",
    "version": "2.8.1"
  },
  "ApothicEnchanting-1.21.1-1.4.3.jar": {
    "jarName": "ApothicEnchanting-1.21.1-1.4.3.jar",
    "modId": "apothic_enchanting",
    "version": "1.4.3"
  },
  "ApothicSpawners-1.21.1-1.3.1.jar": {
    "jarName": "ApothicSpawners-1.21.1-1.3.1.jar",
    "modId": "apothic_spawners",
    "version": "1.3.1"
  },
  "appleskin-neoforge-mc1.21-3.0.7.jar": {
    "jarName": "appleskin-neoforge-mc1.21-3.0.7.jar",
    "modId": "appleskin",
    "version": "3.0.7+mc1.21"
  },
  "Applied-Mekanistics-1.6.2.jar": {
    "jarName": "Applied-Mekanistics-1.6.2.jar",
    "modId": "appmek",
    "version": "1.6.2"
  },
  "appliedenergistics2-19.2.12.jar": {
    "jarName": "appliedenergistics2-19.2.12.jar",
    "modId": "ae2",
    "version": "19.2.12"
  },
  "Aquaculture-1.21.1-2.7.14.jar": {
    "jarName": "Aquaculture-1.21.1-2.7.14.jar",
    "modId": "aquaculture",
    "version": "2.7.14"
  },
  "architectury-13.0.8-neoforge.jar": {
    "jarName": "architectury-13.0.8-neoforge.jar",
    "modId": "architectury",
    "version": "13.0.8"
  },
  "Ars-Fauna-1.21.1-1.3.jar": {
    "jarName": "Ars-Fauna-1.21.1-1.3.jar",
    "modId": "ars_fauna",
    "version": "1.3.1"
  },
  "ars_additions-1.21.1-21.2.2.jar": {
    "jarName": "ars_additions-1.21.1-21.2.2.jar",
    "modId": "ars_additions",
    "version": "1.21.1-21.2.2"
  },
  "ars_elemental-1.21.1-0.7.4.3.jar": {
    "jarName": "ars_elemental-1.21.1-0.7.4.3.jar",
    "modId": "ars_elemental",
    "version": "0.7.4.3"
  },
  "ars_monde_lib-0.3.jar": {
    "jarName": "ars_monde_lib-0.3.jar",
    "modId": "ars_monde_lib",
    "version": "0.3"
  },
  "ars_nouveau-1.21.1-5.9.4.jar": {
    "jarName": "ars_nouveau-1.21.1-5.9.4.jar",
    "modId": "ars_nouveau",
    "version": "5.9.4"
  },
  "ars_ocultas-1.21.1-2.1.0.jar": {
    "jarName": "ars_ocultas-1.21.1-2.1.0.jar",
    "modId": "ars_ocultas",
    "version": "2.1.0"
  },
  "ars_polymorphia-1.0.3.jar": {
    "jarName": "ars_polymorphia-1.0.3.jar",
    "modId": "ars_polymorphia",
    "version": "1.0.3"
  },
  "ars_technica-1.21.1-2.2.2.jar": {
    "jarName": "ars_technica-1.21.1-2.2.2.jar",
    "modId": "ars_technica",
    "version": "2.2.2"
  },
  "arseng-2.1.1-beta.jar": {
    "jarName": "arseng-2.1.1-beta.jar",
    "modId": "arseng",
    "version": "2.1.1-beta"
  },
  "athena-neoforge-1.21-4.0.2.jar": {
    "jarName": "athena-neoforge-1.21-4.0.2.jar",
    "modId": "athena",
    "version": "4.0.2"
  },
  "Auroras-1.21-1.6.2.jar": {
    "jarName": "Auroras-1.21-1.6.2.jar",
    "modId": "auroras",
    "version": "1.6.2"
  },
  "balm-neoforge-1.21.1-21.0.46.jar": {
    "jarName": "balm-neoforge-1.21.1-21.0.46.jar",
    "modId": "balm",
    "version": "21.0.46"
  },
  "bcc-21.1.3+mc1.21.1.jar": {
    "jarName": "bcc-21.1.3+mc1.21.1.jar",
    "modId": "bcc",
    "version": "21.1.3"
  },
  "bellsandwhistles-0.4.7-1.21.1.jar": {
    "jarName": "bellsandwhistles-0.4.7-1.21.1.jar",
    "modId": "bellsandwhistles",
    "version": "0.4.7-1.21.1"
  },
  "BetterAdvancements-NeoForge-1.21.1-0.4.3.21.jar": {
    "jarName": "BetterAdvancements-NeoForge-1.21.1-0.4.3.21.jar",
    "modId": "betteradvancements",
    "version": "0.4.3.21"
  },
  "betterarcheology-neoforge-1.3.2.jar": {
    "jarName": "betterarcheology-neoforge-1.3.2.jar",
    "modId": "betterarcheology",
    "version": "1.3.2"
  },
  "bettercombat-neoforge-2.2.4+1.21.1.jar": {
    "jarName": "bettercombat-neoforge-2.2.4+1.21.1.jar",
    "modId": "bettercombat",
    "version": "2.2.4+1.21.1"
  },
  "bibliobiomes-1.21.1-1.5.0.jar": {
    "jarName": "bibliobiomes-1.21.1-1.5.0.jar",
    "modId": "bibliobiomes",
    "version": "1.5.0"
  },
  "bibliocraft-1.21.1-1.5.4.jar": {
    "jarName": "bibliocraft-1.21.1-1.5.4.jar",
    "modId": "bibliocraft",
    "version": "1.5.4"
  },
  "bibliowoods-1.21.1-1.5.2.jar": {
    "jarName": "bibliowoods-1.21.1-1.5.2.jar",
    "modId": "bibliowoods",
    "version": "1.5.2"
  },
  "blocksyouneed_luna-1.9.1-neoforge-1.21.1.jar": {
    "jarName": "blocksyouneed_luna-1.9.1-neoforge-1.21.1.jar",
    "modId": "blocksyouneed_luna",
    "version": "1.9.1"
  },
  "bookshelf-neoforge-1.21.1-21.1.67.jar": {
    "jarName": "bookshelf-neoforge-1.21.1-21.1.67.jar",
    "modId": "bookshelf",
    "version": "21.1.67"
  },
  "BridgingMod-2.6.2+1.21.1.neoforge-release.jar": {
    "jarName": "BridgingMod-2.6.2+1.21.1.neoforge-release.jar",
    "modId": "bridgingmod",
    "version": "2.6.2+1.21.1"
  },
  "carryon-neoforge-1.21.1-2.2.2.11.jar": {
    "jarName": "carryon-neoforge-1.21.1-2.2.2.11.jar",
    "modId": "carryon",
    "version": "2.2.2"
  },
  "chipped-neoforge-1.21.1-4.0.2.jar": {
    "jarName": "chipped-neoforge-1.21.1-4.0.2.jar",
    "modId": "chipped",
    "version": "4.0.2"
  },
  "ChippedExpress-universal-21x.jar": {
    "jarName": "ChippedExpress-universal-21x.jar",
    "modId": "chipped_express",
    "version": "1.3.2"
  },
  "chisel-neoforge-2.0.0+mc1.21.1.jar": {
    "jarName": "chisel-neoforge-2.0.0+mc1.21.1.jar",
    "modId": "chisel",
    "version": "2.0.0+mc1.21.1"
  },
  "chunkloaders-1.2.8-neoforge-mc1.21.jar": {
    "jarName": "chunkloaders-1.2.8-neoforge-mc1.21.jar",
    "modId": "chunkloaders",
    "version": "1.2.8"
  },
  "cloth-config-15.0.140-neoforge.jar": {
    "jarName": "cloth-config-15.0.140-neoforge.jar",
    "modId": "cloth_config",
    "version": "15.0.140"
  },
  "Clumps-neoforge-1.21.1-19.0.0.1.jar": {
    "jarName": "Clumps-neoforge-1.21.1-19.0.0.1.jar",
    "modId": "clumps",
    "version": "19.0.0.1"
  },
  "cobblegengalore-1.21.1-0.2.2.jar": {
    "jarName": "cobblegengalore-1.21.1-0.2.2.jar",
    "modId": "cobblegengalore",
    "version": "1.21.1-0.2.2"
  },
  "cobweb-neoforge-1.21-1.3.3.jar": {
    "jarName": "cobweb-neoforge-1.21-1.3.3.jar",
    "modId": "cobweb",
    "version": "1.3.3"
  },
  "collective-1.21.1-8.3.jar": {
    "jarName": "collective-1.21.1-8.3.jar",
    "modId": "collective",
    "version": "8.3"
  },
  "comforts-neoforge-9.0.4+1.21.1.jar": {
    "jarName": "comforts-neoforge-9.0.4+1.21.1.jar",
    "modId": "comforts",
    "version": "9.0.4+1.21.1"
  },
  "commoncapabilities-1.21.1-neoforge-2.9.11.jar": {
    "jarName": "commoncapabilities-1.21.1-neoforge-2.9.11.jar",
    "modId": "commoncapabilities",
    "version": "2.9.11"
  },
  "connectivity-1.21.1-7.1.jar": {
    "jarName": "connectivity-1.21.1-7.1.jar",
    "modId": "connectivity",
    "version": "7.1"
  },
  "Controlling-neoforge-1.21.1-19.0.5.jar": {
    "jarName": "Controlling-neoforge-1.21.1-19.0.5.jar",
    "modId": "controlling",
    "version": "19.0.5"
  },
  "cookingforblockheads-neoforge-1.21.1-21.1.15.jar": {
    "jarName": "cookingforblockheads-neoforge-1.21.1-21.1.15.jar",
    "modId": "cookingforblockheads",
    "version": "21.1.15"
  },
  "copycats-3.0.2+mc.1.21.1-neoforge.jar": {
    "jarName": "copycats-3.0.2+mc.1.21.1-neoforge.jar",
    "modId": "copycats",
    "version": "3.0.2+mc.1.21.1-neoforge"
  },
  "coroutil-neoforge-1.21.0-1.3.8.jar": {
    "jarName": "coroutil-neoforge-1.21.0-1.3.8.jar",
    "modId": "coroutil",
    "version": "1.21.0-1.3.8"
  },
  "crafting_on_a_stick-1.21.0.2.jar": {
    "jarName": "crafting_on_a_stick-1.21.0.2.jar",
    "modId": "crafting_on_a_stick",
    "version": "1.21.0.2"
  },
  "craftingstation-neoforge-1.21-2.jar": {
    "jarName": "craftingstation-neoforge-1.21-2.jar",
    "modId": "craftingstation",
    "version": "2"
  },
  "craftingtweaks-neoforge-1.21.1-21.1.5.jar": {
    "jarName": "craftingtweaks-neoforge-1.21.1-21.1.5.jar",
    "modId": "craftingtweaks",
    "version": "21.1.5"
  },
  "CraftTweaker-neoforge-1.21.1-21.0.27.jar": {
    "jarName": "CraftTweaker-neoforge-1.21.1-21.0.27.jar",
    "modId": "crafttweaker",
    "version": "21.0.27"
  },
  "CrashAssistant-neoforge-1.20.6-1.21.4-1.9.9.jar": {
    "jarName": "CrashAssistant-neoforge-1.20.6-1.21.4-1.9.9.jar",
    "modId": "crash_assistant",
    "version": "1.9.9"
  },
  "crashutilities-9.0.4.jar": {
    "jarName": "crashutilities-9.0.4.jar",
    "modId": "crashutilities",
    "version": "9.0.4"
  },
  "create-1.21.1-6.0.6.jar": {
    "jarName": "create-1.21.1-6.0.6.jar",
    "modId": "create",
    "version": "6.0.6"
  },
  "create-apothic-enchanting-0.1.0.jar": {
    "jarName": "create-apothic-enchanting-0.1.0.jar",
    "modId": "create_apothic_enchanting",
    "version": "0.1.0"
  },
  "create-dragons-plus-1.6.1.jar": {
    "jarName": "create-dragons-plus-1.6.1.jar",
    "modId": "create_dragons_plus",
    "version": "1.6.1"
  },
  "create-enchantment-industry-2.1.7.jar": {
    "jarName": "create-enchantment-industry-2.1.7.jar",
    "modId": "create_enchantment_industry",
    "version": "2.1.7"
  },
  "create-integrated-farming-1.0.6.jar": {
    "jarName": "create-integrated-farming-1.0.6.jar",
    "modId": "create_integrated_farming",
    "version": "1.0.6"
  },
  "create-stuff-additions1.21.1_v2.1.0e.jar": {
    "jarName": "create-stuff-additions1.21.1_v2.1.0e.jar",
    "modId": "create_sa",
    "version": "2.1.0."
  },
  "create_connected-1.1.6-mc1.21.1.jar": {
    "jarName": "create_connected-1.1.6-mc1.21.1.jar",
    "modId": "create_connected",
    "version": "1.1.6-mc1.21.1"
  },
  "create_easy_structures-0.2a-neoforge-1.21.1.jar": {
    "jarName": "create_easy_structures-0.2a-neoforge-1.21.1.jar",
    "modId": "create_easy_structures",
    "version": "0.2"
  },
  "create_power_loader-2.0.3-mc1.21.1.jar": {
    "jarName": "create_power_loader-2.0.3-mc1.21.1.jar",
    "modId": "create_power_loader",
    "version": "2.0.3-mc1.21.1"
  },
  "create_waystones_recipes-3.0.1.jar": {
    "jarName": "create_waystones_recipes-3.0.1.jar",
    "modId": "create_waystones_recipes",
    "version": "3.0.1"
  },
  "createappliedkinetics-1.5.1-1.21.1.jar": {
    "jarName": "createappliedkinetics-1.5.1-1.21.1.jar",
    "modId": "createappliedkinetics",
    "version": "1.5.1-1.21.1"
  },
  "createframed-1.21.1-1.6.8.jar": {
    "jarName": "createframed-1.21.1-1.6.8.jar",
    "modId": "createframed",
    "version": "1.6.8"
  },
  "CreeperOverhaul-neoforge-1.21.1-4.0.6.jar": {
    "jarName": "CreeperOverhaul-neoforge-1.21.1-4.0.6.jar",
    "modId": "creeperoverhaul",
    "version": "4.0.6"
  },
  "cristellib-neoforge-1.2.8.jar": {
    "jarName": "cristellib-neoforge-1.2.8.jar",
    "modId": "cristellib",
    "version": "1.2.8"
  },
  "cryonicconfig-neoforge-1.0.0+mc1.21.6.jar": {
    "jarName": "cryonicconfig-neoforge-1.0.0+mc1.21.6.jar",
    "modId": "cryonicconfig",
    "version": "1.0.0+mc1.21.6"
  },
  "Cucumber-1.21.1-8.0.13.jar": {
    "jarName": "Cucumber-1.21.1-8.0.13.jar",
    "modId": "cucumber",
    "version": "8.0.13"
  },
  "cupboard-1.21-2.9.jar": {
    "jarName": "cupboard-1.21-2.9.jar",
    "modId": "cupboard",
    "version": "2.9"
  },
  "curios-neoforge-9.5.1+1.21.1.jar": {
    "jarName": "curios-neoforge-9.5.1+1.21.1.jar",
    "modId": "curios",
    "version": "9.5.1+1.21.1"
  },
  "cyclopscore-1.21.1-neoforge-1.26.1.jar": {
    "jarName": "cyclopscore-1.21.1-neoforge-1.26.1.jar",
    "modId": "cyclopscore",
    "version": "1.26.1"
  },
  "DnDesires-1.21.1-2.1b-BETA.jar": {
    "jarName": "DnDesires-1.21.1-2.1b-BETA.jar",
    "modId": "dndesires",
    "version": "2.1b-BETA"
  },
  "dont_touch_our_structures-1.21.1-NeoForge-1.1.0.jar": {
    "jarName": "dont_touch_our_structures-1.21.1-NeoForge-1.1.0.jar",
    "modId": "dont_touch_our_structures",
    "version": "1.1.0"
  },
  "dummmmmmy-1.21-2.0.8-neoforge.jar": {
    "jarName": "dummmmmmy-1.21-2.0.8-neoforge.jar",
    "modId": "dummmmmmy",
    "version": "1.21-2.0.8"
  },
  "easy-villagers-neoforge-1.21.1-1.1.33.jar": {
    "jarName": "easy-villagers-neoforge-1.21.1-1.1.33.jar",
    "modId": "easy_villagers",
    "version": "1.21.1-1.1.33"
  },
  "ec_ars_plugin-1.21.1-1.0.5.jar": {
    "jarName": "ec_ars_plugin-1.21.1-1.0.5.jar",
    "modId": "ec_ars_plugin",
    "version": "1.0.5"
  },
  "elevatorid-neoforge-1.21.1-1.11.4.jar": {
    "jarName": "elevatorid-neoforge-1.21.1-1.11.4.jar",
    "modId": "elevatorid",
    "version": "1.21.1-1.11.4"
  },
  "enchdesc-neoforge-1.21.1-21.1.7.jar": {
    "jarName": "enchdesc-neoforge-1.21.1-21.1.7.jar",
    "modId": "enchdesc",
    "version": "21.1.7"
  },
  "ender_dragon_loot-1.21.1.jar": {
    "jarName": "ender_dragon_loot-1.21.1.jar",
    "modId": "ender_dragon_loot",
    "version": "1.0.0"
  },
  "enderio-7.1.8-alpha.jar": {
    "jarName": "enderio-7.1.8-alpha.jar",
    "modId": "enderio",
    "version": "7.1.8-alpha"
  },
  "entity_model_features_neoforge_1.21.1-2.4.1.jar": {
    "jarName": "entity_model_features_neoforge_1.21.1-2.4.1.jar",
    "modId": "entity_model_features",
    "version": "2.4.1"
  },
  "entity_sound_features_neoforge_1.21-0.4.jar": {
    "jarName": "entity_sound_features_neoforge_1.21-0.4.jar",
    "modId": "entity_sound_features",
    "version": "0.4"
  },
  "entity_texture_features_neoforge_1.21.1-6.2.9.jar": {
    "jarName": "entity_texture_features_neoforge_1.21.1-6.2.9.jar",
    "modId": "entity_texture_features",
    "version": "6.2.9"
  },
  "escalated-1.1.0-create.6.0.6-mc.1.21.1-neoforge.jar": {
    "jarName": "escalated-1.1.0-create.6.0.6-mc.1.21.1-neoforge.jar",
    "modId": "escalated",
    "version": "1.1.0"
  },
  "EuphoriaPatcher-1.6.5-r5.5.1-neoforge.jar": {
    "jarName": "EuphoriaPatcher-1.6.5-r5.5.1-neoforge.jar",
    "modId": "euphoria_patcher",
    "version": "1.6.5-r5.5.1-neoforge"
  },
  "evilcraft-1.21.1-neoforge-1.2.72.jar": {
    "jarName": "evilcraft-1.21.1-neoforge-1.2.72.jar",
    "modId": "evilcraft",
    "version": "1.2.72"
  },
  "expanded_combat-1.21.1-3.3.9.jar": {
    "jarName": "expanded_combat-1.21.1-3.3.9.jar",
    "modId": "expanded_combat",
    "version": "3.3.9"
  },
  "ExtendedCrafting-1.21.1-7.0.6.jar": {
    "jarName": "ExtendedCrafting-1.21.1-7.0.6.jar",
    "modId": "extendedcrafting",
    "version": "7.0.6"
  },
  "ExtraLib-1.7.2-1.21.1-NeoForge.jar": {
    "jarName": "ExtraLib-1.7.2-1.21.1-NeoForge.jar",
    "modId": "extralib",
    "version": "1.7.2"
  },
  "ExtraQuests-1.5.3-1.21.1-NeoForge.jar": {
    "jarName": "ExtraQuests-1.5.3-1.21.1-NeoForge.jar",
    "modId": "extraquests",
    "version": "1.5.3"
  },
  "ExtremeReactors2-1.21.1-2.4.23.jar": {
    "jarName": "ExtremeReactors2-1.21.1-2.4.23.jar",
    "modId": "bigreactors",
    "version": "1.21.1-2.4.23"
  },
  "factory_blocks-neoforge-1.4.0+mc1.21.1.jar": {
    "jarName": "factory_blocks-neoforge-1.4.0+mc1.21.1.jar",
    "modId": "factory_blocks",
    "version": "1.4.0+mc1.21.1"
  },
  "fancymenu_neoforge_3.6.2_MC_1.21.1.jar": {
    "jarName": "fancymenu_neoforge_3.6.2_MC_1.21.1.jar",
    "modId": "fancymenu",
    "version": "3.6.2"
  },
  "FarmersDelight-1.21.1-1.2.8.jar": {
    "jarName": "FarmersDelight-1.21.1-1.2.8.jar",
    "modId": "farmersdelight",
    "version": "1.2.8"
  },
  "farsight-1.21-3.8.jar": {
    "jarName": "farsight-1.21-3.8.jar",
    "modId": "farsight_view",
    "version": "3.8"
  },
  "FluxNetworks-1.21.1-8.0.0.jar": {
    "jarName": "FluxNetworks-1.21.1-8.0.0.jar",
    "modId": "fluxnetworks",
    "version": "8.0.0"
  },
  "formations-1.0.3-neoforge-mc1.21.jar": {
    "jarName": "formations-1.0.3-neoforge-mc1.21.jar",
    "modId": "formations",
    "version": "1.0.3"
  },
  "formationsnether-1.0.5-mc1.21+.jar": {
    "jarName": "formationsnether-1.0.5-mc1.21+.jar",
    "modId": "formationsnether",
    "version": "1.0.5"
  },
  "FramedBlocks-10.3.2.jar": {
    "jarName": "FramedBlocks-10.3.2.jar",
    "modId": "framedblocks",
    "version": "10.3.2"
  },
  "framework-neoforge-1.21.1-0.9.6.jar": {
    "jarName": "framework-neoforge-1.21.1-0.9.6.jar",
    "modId": "framework",
    "version": "0.9.6"
  },
  "friendsandfoes-neoforge-4.0.6+mc1.21.1.jar": {
    "jarName": "friendsandfoes-neoforge-4.0.6+mc1.21.1.jar",
    "modId": "friendsandfoes",
    "version": "4.0.6"
  },
  "ftb-backups-3-21.1.3.jar": {
    "jarName": "ftb-backups-3-21.1.3.jar",
    "modId": "ftbbackups3",
    "version": "21.1.3"
  },
  "ftb-chunks-modded-1.20+1.1.9.jar": {
    "jarName": "ftb-chunks-modded-1.20+1.1.9.jar",
    "modId": "ftbchunks_modded",
    "version": "1.1.9"
  },
  "ftb-chunks-neoforge-2101.1.9.jar": {
    "jarName": "ftb-chunks-neoforge-2101.1.9.jar",
    "modId": "ftbchunks",
    "version": "2101.1.9"
  },
  "ftb-essentials-neoforge-2101.1.6.jar": {
    "jarName": "ftb-essentials-neoforge-2101.1.6.jar",
    "modId": "ftbessentials",
    "version": "2101.1.6"
  },
  "ftb-ez-crystals-21.1.0.jar": {
    "jarName": "ftb-ez-crystals-21.1.0.jar",
    "modId": "ftbezcrystals",
    "version": "21.1.0"
  },
  "ftb-library-neoforge-2101.1.16.jar": {
    "jarName": "ftb-library-neoforge-2101.1.16.jar",
    "modId": "ftblibrary",
    "version": "2101.1.16"
  },
  "ftb-materials-neoforge-21.1.2.jar": {
    "jarName": "ftb-materials-neoforge-21.1.2.jar",
    "modId": "ftbmaterials",
    "version": "21.1.2"
  },
  "ftb-quests-neoforge-2101.1.12.jar": {
    "jarName": "ftb-quests-neoforge-2101.1.12.jar",
    "modId": "ftbquests",
    "version": "2101.1.12"
  },
  "ftb-teams-neoforge-2101.1.2.jar": {
    "jarName": "ftb-teams-neoforge-2101.1.2.jar",
    "modId": "ftbteams",
    "version": "2101.1.2"
  },
  "ftb-ultimine-neoforge-2101.1.3.jar": {
    "jarName": "ftb-ultimine-neoforge-2101.1.3.jar",
    "modId": "ftbultimine",
    "version": "2101.1.3"
  },
  "ftb-xmod-compat-neoforge-21.1.3.jar": {
    "jarName": "ftb-xmod-compat-neoforge-21.1.3.jar",
    "modId": "ftbxmodcompat",
    "version": "21.1.3"
  },
  "FTBQuestsOptimizer-neoforge-3.0.0-1.21.1.jar": {
    "jarName": "FTBQuestsOptimizer-neoforge-3.0.0-1.21.1.jar",
    "modId": "ftbqopt",
    "version": "3.0.0-1.21.1"
  },
  "fusion-1.2.7b-neoforge-mc1.21.jar": {
    "jarName": "fusion-1.2.7b-neoforge-mc1.21.jar",
    "modId": "fusion",
    "version": "1.2.7+b"
  },
  "geckolib-neoforge-1.21.1-4.7.6.jar": {
    "jarName": "geckolib-neoforge-1.21.1-4.7.6.jar",
    "modId": "geckolib",
    "version": "4.7.6"
  },
  "GlitchCore-neoforge-1.21.1-2.1.0.0.jar": {
    "jarName": "GlitchCore-neoforge-1.21.1-2.1.0.0.jar",
    "modId": "glitchcore",
    "version": "2.1.0.0"
  },
  "goblintraders-neoforge-1.21.1-1.11.2.jar": {
    "jarName": "goblintraders-neoforge-1.21.1-1.11.2.jar",
    "modId": "goblintraders",
    "version": "1.11.2"
  },
  "gravestone-neoforge-1.21.1-1.0.31.jar": {
    "jarName": "gravestone-neoforge-1.21.1-1.0.31.jar",
    "modId": "gravestone",
    "version": "1.21.1-1.0.31"
  },
  "guideme-21.1.13.jar": {
    "jarName": "guideme-21.1.13.jar",
    "modId": "guideme",
    "version": "21.1.13"
  },
  "harvest-with-ease-neoforge-1.21-9.4.0.jar": {
    "jarName": "harvest-with-ease-neoforge-1.21-9.4.0.jar",
    "modId": "harvest_with_ease",
    "version": "9.4.0"
  },
  "immersive_aircraft-1.2.4+1.21.1-neoforge.jar": {
    "jarName": "immersive_aircraft-1.2.4+1.21.1-neoforge.jar",
    "modId": "immersive_aircraft",
    "version": "1.2.4+1.21.1"
  },
  "immersive_armors-1.7.0+1.21.1-neoforge.jar": {
    "jarName": "immersive_armors-1.7.0+1.21.1-neoforge.jar",
    "modId": "immersive_armors",
    "version": "1.7.0+1.21.1"
  },
  "ImmersiveEngineering-1.21.1-12.4.2-194.jar": {
    "jarName": "ImmersiveEngineering-1.21.1-12.4.2-194.jar",
    "modId": "immersiveengineering",
    "version": "12.4.2-194"
  },
  "industrialforegoing-1.21-3.6.34.jar": {
    "jarName": "industrialforegoing-1.21-3.6.34.jar",
    "modId": "industrialforegoing",
    "version": "1.21-3.6.34"
  },
  "integrateddynamics-1.21.1-neoforge-1.27.6.jar": {
    "jarName": "integrateddynamics-1.21.1-neoforge-1.27.6.jar",
    "modId": "integrateddynamics",
    "version": "1.27.6"
  },
  "integratedterminals-1.21.1-neoforge-1.6.14-524.jar": {
    "jarName": "integratedterminals-1.21.1-neoforge-1.6.14-524.jar",
    "modId": "integratedterminals",
    "version": "1.6.14"
  },
  "integratedtunnels-1.21.1-neoforge-1.8.41-451.jar": {
    "jarName": "integratedtunnels-1.21.1-neoforge-1.8.41-451.jar",
    "modId": "integratedtunnels",
    "version": "1.8.41"
  },
  "ironchest-1.21-neoforge-16.0.7.jar": {
    "jarName": "ironchest-1.21-neoforge-16.0.7.jar",
    "modId": "ironchest",
    "version": "1.21-neoforge-16.0.7"
  },
  "Jade-1.21.1-NeoForge-15.10.1.jar": {
    "jarName": "Jade-1.21.1-NeoForge-15.10.1.jar",
    "modId": "jade",
    "version": "15.10.1+neoforge"
  },
  "JadeAddons-1.21.1-NeoForge-6.1.0.jar": {
    "jarName": "JadeAddons-1.21.1-NeoForge-6.1.0.jar",
    "modId": "jadeaddons",
    "version": "6.1.0+neoforge"
  },
  "jei-1.21.1-neoforge-19.21.2.313.jar": {
    "jarName": "jei-1.21.1-neoforge-19.21.2.313.jar",
    "modId": "jei",
    "version": "19.21.2.313"
  },
  "justdirethings-1.5.5.jar": {
    "jarName": "justdirethings-1.5.5.jar",
    "modId": "justdirethings",
    "version": "1.5.5"
  },
  "JustEnoughMekanismMultiblocks-1.21.1-7.7.jar": {
    "jarName": "JustEnoughMekanismMultiblocks-1.21.1-7.7.jar",
    "modId": "jei_mekanism_multiblocks",
    "version": "7.7"
  },
  "JustEnoughProfessions-neoforge-1.21.1-4.0.4.jar": {
    "jarName": "JustEnoughProfessions-neoforge-1.21.1-4.0.4.jar",
    "modId": "justenoughprofessions",
    "version": "4.0.4"
  },
  "JustEnoughResources-NeoForge-1.21.1-1.6.0.12.jar": {
    "jarName": "JustEnoughResources-NeoForge-1.21.1-1.6.0.12.jar",
    "modId": "jeresources",
    "version": "1.6.0.12"
  },
  "konkrete_neoforge_1.9.9_MC_1.21.jar": {
    "jarName": "konkrete_neoforge_1.9.9_MC_1.21.jar",
    "modId": "konkrete",
    "version": "1.9.9"
  },
  "kotlinforforge-5.9.0-all.jar": {
    "jarName": "kotlinforforge-5.9.0-all.jar"
  },
  "L_Ender\u0027s Cataclysm 1.21.1-3.07.jar": {
    "jarName": "L_Ender\u0027s Cataclysm 1.21.1-3.07.jar",
    "modId": "cataclysm",
    "version": "3.07"
  },
  "laserio-1.9.11.jar": {
    "jarName": "laserio-1.9.11.jar",
    "modId": "laserio",
    "version": "1.9.11"
  },
  "lionfishapi-2.6.jar": {
    "jarName": "lionfishapi-2.6.jar",
    "modId": "lionfishapi",
    "version": "2.6"
  },
  "lithostitched-neoforge-1.21.1-1.4.10.jar": {
    "jarName": "lithostitched-neoforge-1.21.1-1.4.10.jar",
    "modId": "lithostitched",
    "version": "1.4.8"
  },
  "loot_journal-neoforge-1.21.1-4.0.1.jar": {
    "jarName": "loot_journal-neoforge-1.21.1-4.0.1.jar",
    "modId": "loot_journal",
    "version": "4.0.1"
  },
  "lootintegrations-1.21.1-4.7.jar": {
    "jarName": "lootintegrations-1.21.1-4.7.jar",
    "modId": "lootintegrations",
    "version": "4.7"
  },
  "lootintegrations_cataclysm-1.1.jar": {
    "jarName": "lootintegrations_cataclysm-1.1.jar",
    "modId": "lootintegrations_cataclysm",
    "version": "1"
  },
  "lootintegrations_ctov-1.4.jar": {
    "jarName": "lootintegrations_ctov-1.4.jar",
    "modId": "lootintegrations_ctov",
    "version": "1"
  },
  "lootintegrations_valhelsia-1.1.jar": {
    "jarName": "lootintegrations_valhelsia-1.1.jar",
    "modId": "lootintegrations_valhelsia",
    "version": "1"
  },
  "lootr-neoforge-1.21-1.10.35.91.jar": {
    "jarName": "lootr-neoforge-1.21-1.10.35.91.jar",
    "modId": "lootr",
    "version": "1.21-1.10.35.91"
  },
  "matc-1.7.1.jar": {
    "jarName": "matc-1.7.1.jar",
    "modId": "matc",
    "version": "1.7.1"
  },
  "mcjtylib-1.21-9.0.9.jar": {
    "jarName": "mcjtylib-1.21-9.0.9.jar",
    "modId": "mcjtylib",
    "version": "1.21-9.0.9"
  },
  "mcw-bridges-3.1.1-mc1.21.1neoforge.jar": {
    "jarName": "mcw-bridges-3.1.1-mc1.21.1neoforge.jar",
    "modId": "mcwbridges",
    "version": "3.1.1"
  },
  "mcwaurora-neoforge-1.21.1-1.2.jar": {
    "jarName": "mcwaurora-neoforge-1.21.1-1.2.jar",
    "modId": "mcwaurora",
    "version": "1.21.1-1.2"
  },
  "mechanical_botany-1.0.4+1.21.1-neoforged.jar": {
    "jarName": "mechanical_botany-1.0.4+1.21.1-neoforged.jar",
    "modId": "mechanical_botany",
    "version": "1.0.4"
  },
  "megacells-4.9.1.jar": {
    "jarName": "megacells-4.9.1.jar",
    "modId": "megacells",
    "version": "4.9.1"
  },
  "Mekanism-1.21.1-10.7.14.79.jar": {
    "jarName": "Mekanism-1.21.1-10.7.14.79.jar",
    "modId": "mekanism",
    "version": "10.7.14"
  },
  "MekanismGenerators-1.21.1-10.7.14.79.jar": {
    "jarName": "MekanismGenerators-1.21.1-10.7.14.79.jar",
    "modId": "mekanismgenerators",
    "version": "10.7.14"
  },
  "MekanismTools-1.21.1-10.7.14.79.jar": {
    "jarName": "MekanismTools-1.21.1-10.7.14.79.jar",
    "modId": "mekanismtools",
    "version": "10.7.14"
  },
  "melody_neoforge_1.0.10_MC_1.21.jar": {
    "jarName": "melody_neoforge_1.0.10_MC_1.21.jar",
    "modId": "melody",
    "version": "1.0.10"
  },
  "mob_grinding_utils-1.1.9+mc1.21.1.jar": {
    "jarName": "mob_grinding_utils-1.1.9+mc1.21.1.jar",
    "modId": "mob_grinding_utils",
    "version": "1.1.9+mc1.21.1"
  },
  "Modern-Industrialization-2.3.9.jar": {
    "jarName": "Modern-Industrialization-2.3.9.jar",
    "modId": "modern_industrialization",
    "version": "2.3.9"
  },
  "modonomicon-1.21.1-neoforge-1.114.4.jar": {
    "jarName": "modonomicon-1.21.1-neoforge-1.114.4.jar",
    "modId": "modonomicon",
    "version": "1.114.4"
  },
  "moonlight-1.21-2.19.5-neoforge.jar": {
    "jarName": "moonlight-1.21-2.19.5-neoforge.jar",
    "modId": "moonlight",
    "version": "1.21-2.19.5"
  },
  "MouseTweaks-neoforge-mc1.21-2.26.1.jar": {
    "jarName": "MouseTweaks-neoforge-mc1.21-2.26.1.jar",
    "modId": "mousetweaks",
    "version": "2.26.1"
  },
  "MysticalAgradditions-1.21.1-8.0.7.jar": {
    "jarName": "MysticalAgradditions-1.21.1-8.0.7.jar",
    "modId": "mysticalagradditions",
    "version": "8.0.7"
  },
  "MysticalAgriculture-1.21.1-8.0.18.jar": {
    "jarName": "MysticalAgriculture-1.21.1-8.0.18.jar",
    "modId": "mysticalagriculture",
    "version": "8.0.18"
  },
  "NaturesCompass-1.21.1-3.0.3-neoforge.jar": {
    "jarName": "NaturesCompass-1.21.1-3.0.3-neoforge.jar",
    "modId": "naturescompass",
    "version": "1.21.1-3.0.2-neoforge"
  },
  "netherportalfix-neoforge-1.21.1-21.1.1.jar": {
    "jarName": "netherportalfix-neoforge-1.21.1-21.1.1.jar",
    "modId": "netherportalfix",
    "version": "21.1.1"
  },
  "NoChatReports-NEOFORGE-1.21.1-v2.9.1.jar": {
    "jarName": "NoChatReports-NEOFORGE-1.21.1-v2.9.1.jar",
    "modId": "nochatreports",
    "version": "1.21.1-v2.9.1"
  },
  "Not Enough Recipe Book-NEOFORGE-0.4.2+1.21.jar": {
    "jarName": "Not Enough Recipe Book-NEOFORGE-0.4.2+1.21.jar",
    "modId": "nerb",
    "version": "0.4.2"
  },
  "occultism-1.21.1-neoforge-1.181.0.jar": {
    "jarName": "occultism-1.21.1-neoforge-1.181.0.jar",
    "modId": "occultism",
    "version": "1.181.0"
  },
  "OctoLib-NEOFORGE-0.5.0.1.jar": {
    "jarName": "OctoLib-NEOFORGE-0.5.0.1.jar",
    "modId": "octolib",
    "version": "0.5.0.1"
  },
  "Patchouli-1.21-88-NEOFORGE.jar": {
    "jarName": "Patchouli-1.21-88-NEOFORGE.jar",
    "modId": "patchouli",
    "version": "1.21-88-NEOFORGE"
  },
  "Paxi-1.21.1-NeoForge-5.1.3.jar": {
    "jarName": "Paxi-1.21.1-NeoForge-5.1.3.jar",
    "modId": "paxi",
    "version": "1.21.1-NeoForge-5.1.3"
  },
  "pipeorgans-0.6.4+1.21.1.jar": {
    "jarName": "pipeorgans-0.6.4+1.21.1.jar",
    "modId": "pipeorgans",
    "version": "0.6.4+1.21.1"
  },
  "pipez-neoforge-1.21.1-1.2.17.jar": {
    "jarName": "pipez-neoforge-1.21.1-1.2.17.jar",
    "modId": "pipez",
    "version": "1.21.1-1.2.17"
  },
  "Placebo-1.21.1-9.8.1.jar": {
    "jarName": "Placebo-1.21.1-9.8.1.jar",
    "modId": "placebo",
    "version": "9.8.1"
  },
  "player-animation-lib-forge-2.0.1+1.21.1.jar": {
    "jarName": "player-animation-lib-forge-2.0.1+1.21.1.jar",
    "modId": "playeranimator",
    "version": "2.0.1+1.21.1"
  },
  "pneumaticcraft-repressurized-8.2.12+mc1.21.1.jar": {
    "jarName": "pneumaticcraft-repressurized-8.2.12+mc1.21.1.jar",
    "modId": "pneumaticcraft",
    "version": "8.2.12"
  },
  "polyeng-0.4.1.jar": {
    "jarName": "polyeng-0.4.1.jar",
    "modId": "polyeng",
    "version": "0.4.1"
  },
  "polymorph-neoforge-1.0.10+1.21.1.jar": {
    "jarName": "polymorph-neoforge-1.0.10+1.21.1.jar",
    "modId": "polymorph",
    "version": "1.0.10+1.21.1"
  },
  "prickle-neoforge-1.21.1-21.1.8.jar": {
    "jarName": "prickle-neoforge-1.21.1-21.1.8.jar",
    "modId": "prickle",
    "version": "21.1.8"
  },
  "rechiseled-1.1.6a-neoforge-mc1.21.jar": {
    "jarName": "rechiseled-1.1.6a-neoforge-mc1.21.jar",
    "modId": "rechiseled",
    "version": "1.1.6+a"
  },
  "rechiseled_chipped-1.3-1.21.1.jar": {
    "jarName": "rechiseled_chipped-1.3-1.21.1.jar",
    "modId": "rechiseled_chipped",
    "version": "1.3"
  },
  "rechiseledcreate-1.0.2-neoforge-mc1.21.jar": {
    "jarName": "rechiseledcreate-1.0.2-neoforge-mc1.21.jar",
    "modId": "rechiseledcreate",
    "version": "1.0.2"
  },
  "reintegrated_chipped-1.0.0.jar": {
    "jarName": "reintegrated_chipped-1.0.0.jar",
    "modId": "reintegrated_chipped",
    "version": "1.0.0"
  },
  "relics-1.21.1-0.10.7.5.jar": {
    "jarName": "relics-1.21.1-0.10.7.5.jar",
    "modId": "relics",
    "version": "0.10.7.5"
  },
  "reliquified_twilight_forest-1.21.1-0.5.0.jar": {
    "jarName": "reliquified_twilight_forest-1.21.1-0.5.0.jar",
    "modId": "reliquified_twilight_forest",
    "version": "0.5.0"
  },
  "resourcefulconfig-neoforge-1.21-3.0.11.jar": {
    "jarName": "resourcefulconfig-neoforge-1.21-3.0.11.jar",
    "modId": "resourcefulconfig",
    "version": "3.0.11"
  },
  "resourcefullib-neoforge-1.21-3.0.12.jar": {
    "jarName": "resourcefullib-neoforge-1.21-3.0.12.jar",
    "modId": "resourcefullib",
    "version": "3.0.12"
  },
  "rftoolsbase-1.21-6.0.7.jar": {
    "jarName": "rftoolsbase-1.21-6.0.7.jar",
    "modId": "rftoolsbase",
    "version": "1.21-6.0.7"
  },
  "rftoolsbuilder-1.21-7.0.3.jar": {
    "jarName": "rftoolsbuilder-1.21-7.0.3.jar",
    "modId": "rftoolsbuilder",
    "version": "1.21-7.0.3"
  },
  "rftoolspower-1.21-7.0.3.jar": {
    "jarName": "rftoolspower-1.21-7.0.3.jar",
    "modId": "rftoolspower",
    "version": "1.21-7.0.3"
  },
  "rftoolsutility-1.21-7.0.3.jar": {
    "jarName": "rftoolsutility-1.21-7.0.3.jar",
    "modId": "rftoolsutility",
    "version": "1.21-7.0.3"
  },
  "ScalableCatsForce-NeoForge-3.7.1-build-11-with-library.jar": {
    "jarName": "ScalableCatsForce-NeoForge-3.7.1-build-11-with-library.jar"
  },
  "Searchables-neoforge-1.21.1-1.0.2.jar": {
    "jarName": "Searchables-neoforge-1.21.1-1.0.2.jar",
    "modId": "searchables",
    "version": "1.0.2"
  },
  "serilumsrpgbundle-1.21.1-2.4.jar": {
    "jarName": "serilumsrpgbundle-1.21.1-2.4.jar",
    "modId": "serilumsrpgbundle",
    "version": "2.4"
  },
  "sliceanddice-neoforge-4.0.1.jar": {
    "jarName": "sliceanddice-neoforge-4.0.1.jar",
    "modId": "sliceanddice",
    "version": "4.0.1"
  },
  "SmartBrainLib-neoforge-1.21.1-1.16.9.jar": {
    "jarName": "SmartBrainLib-neoforge-1.21.1-1.16.9.jar",
    "modId": "smartbrainlib",
    "version": "1.16.9"
  },
  "sophisticatedbackpacks-1.21.1-3.24.15.1264.jar": {
    "jarName": "sophisticatedbackpacks-1.21.1-3.24.15.1264.jar",
    "modId": "sophisticatedbackpacks",
    "version": "3.24.15"
  },
  "sophisticatedbackpackscreateintegration-1.21.1-0.1.3.13.jar": {
    "jarName": "sophisticatedbackpackscreateintegration-1.21.1-0.1.3.13.jar",
    "modId": "sophisticatedbackpackscreateintegration",
    "version": "0.1.3"
  },
  "sophisticatedcore-1.21.1-1.3.52.1020.jar": {
    "jarName": "sophisticatedcore-1.21.1-1.3.52.1020.jar",
    "modId": "sophisticatedcore",
    "version": "1.3.52"
  },
  "sophisticatedstorage-1.21.1-1.4.41.1186.jar": {
    "jarName": "sophisticatedstorage-1.21.1-1.4.41.1186.jar",
    "modId": "sophisticatedstorage",
    "version": "1.4.41"
  },
  "sophisticatedstoragecreateintegration-1.21.1-0.1.11.37.jar": {
    "jarName": "sophisticatedstoragecreateintegration-1.21.1-0.1.11.37.jar",
    "modId": "sophisticatedstoragecreateintegration",
    "version": "0.1.11"
  },
  "steampunk_clocktower-1.0.0-neoforge-1.21.1.jar": {
    "jarName": "steampunk_clocktower-1.0.0-neoforge-1.21.1.jar",
    "modId": "steampunk_clocktower",
    "version": "1.0.0"
  },
  "Storage Drawers-neoforge-1.21-13.8.9.jar": {
    "jarName": "Storage Drawers-neoforge-1.21-13.8.9.jar",
    "modId": "storagedrawers",
    "version": "13.8.9"
  },
  "supermartijn642configlib-1.1.8-neoforge-mc1.21.jar": {
    "jarName": "supermartijn642configlib-1.1.8-neoforge-mc1.21.jar",
    "modId": "supermartijn642configlib",
    "version": "1.1.8"
  },
  "supermartijn642corelib-1.1.18a-neoforge-mc1.21.jar": {
    "jarName": "supermartijn642corelib-1.1.18a-neoforge-mc1.21.jar",
    "modId": "supermartijn642corelib",
    "version": "1.1.18+a"
  },
  "t_and_t-neoforge-fabric-1.13.2.jar": {
    "jarName": "t_and_t-neoforge-fabric-1.13.2.jar",
    "modId": "t_and_t",
    "version": "1.13.2"
  },
  "tf_dnv-2.0.3.jar": {
    "jarName": "tf_dnv-2.0.3.jar",
    "modId": "tf_dnv",
    "version": "2.0.3"
  },
  "titanium-1.21-4.0.37.jar": {
    "jarName": "titanium-1.21-4.0.37.jar",
    "modId": "titanium",
    "version": "4.0.37"
  },
  "trading_floor-3.0.10.jar": {
    "jarName": "trading_floor-3.0.10.jar",
    "modId": "trading_floor",
    "version": "3.0.10"
  },
  "travelersbackpack-neoforge-1.21.1-10.1.22.jar": {
    "jarName": "travelersbackpack-neoforge-1.21.1-10.1.22.jar",
    "modId": "travelersbackpack",
    "version": "10.1.22"
  },
  "twilightforest-1.21.1-4.7.3196-universal.jar": {
    "jarName": "twilightforest-1.21.1-4.7.3196-universal.jar",
    "modId": "twilightforest",
    "version": "4.7.3196"
  },
  "UniLib-1.1.0+1.21.1-neoforge.jar": {
    "jarName": "UniLib-1.1.0+1.21.1-neoforge.jar",
    "modId": "unilib",
    "version": "1.1.0"
  },
  "unusual_furniture-1.1.0-neoforge-1.21.1.jar": {
    "jarName": "unusual_furniture-1.1.0-neoforge-1.21.1.jar",
    "modId": "unusual_furniture",
    "version": "1.1.0"
  },
  "valhelsia_core-neoforge-1.21.1-1.1.5.jar": {
    "jarName": "valhelsia_core-neoforge-1.21.1-1.1.5.jar",
    "modId": "valhelsia_core",
    "version": "1.1.5"
  },
  "valhelsia_furniture-neoforge-1.21.1-1.1.1.jar": {
    "jarName": "valhelsia_furniture-neoforge-1.21.1-1.1.1.jar",
    "modId": "valhelsia_furniture",
    "version": "1.1.1"
  },
  "valhelsia_structures-neoforge-1.21.1-1.1.1.jar": {
    "jarName": "valhelsia_structures-neoforge-1.21.1-1.1.1.jar",
    "modId": "valhelsia_structures",
    "version": "1.1.1"
  },
  "watut-neoforge-1.21.0-1.2.7.jar": {
    "jarName": "watut-neoforge-1.21.0-1.2.7.jar",
    "modId": "watut",
    "version": "1.21.0-1.2.7"
  },
  "waystones-neoforge-1.21.1-21.1.19.jar": {
    "jarName": "waystones-neoforge-1.21.1-21.1.19.jar",
    "modId": "waystones",
    "version": "21.1.19"
  },
  "yet_another_config_lib_v3-3.7.1+1.21.1-neoforge.jar": {
    "jarName": "yet_another_config_lib_v3-3.7.1+1.21.1-neoforge.jar",
    "modId": "yet_another_config_lib_v3",
    "version": "3.7.1+1.21.1-neoforge"
  },
  "YungsApi-1.21.1-NeoForge-5.1.6.jar": {
    "jarName": "YungsApi-1.21.1-NeoForge-5.1.6.jar",
    "modId": "yungsapi",
    "version": "1.21.1-NeoForge-5.1.6"
  },
  "ZeroCore2-1.21.1-2.4.18.jar": {
    "jarName": "ZeroCore2-1.21.1-2.4.18.jar",
    "modId": "zerocore",
    "version": "1.21.1-2.4.18"
  }
}